property_name,property_type,address,city,county,state,zip,phone,email,website_url,management_company,management_company_phone,housing_authority_or_agency,source_urls,source_quality,bedroom_sizes,unit_count,population_served,program_type,rent_type,exact_published_rent_by_bedroom,exact_published_rent_by_income_bracket,income_limits_by_household_size,AMI_brackets_supported,application_fee,deposit,utilities_included,pet_policy,criminal_background_policy,credit_policy,eviction_policy,minimum_income_requirement,maximum_income_requirement,required_documents,application_method,application_url,waitlist_status,vacancy_status,last_updated_date_from_source,vacancy_likelihood_score,vacancy_likelihood_reason,phone_verification_needed,notes,confidence_score,distance_miles_to_target_area
Lake North Apts II,USDA RD,36 Fair Market Rent - Lake County,Lady Lake,Lake County,FL,,,hjones@eustishousingauthority.com,https://affordablehousinghub.org/housing/florida/lake-county/lady-lake/lake-north-apts-ii-2268-lihtc,,,,https://rdmfhrentals.sc.egov.usda.gov/RDMFHRentals/projectservlet?cnty=069&st=12; https://affordablehousinghub.org/housing/florida/lake-county/lady-lake/lake-north-apts-ii-2268-lihtc; https://affordablehousinghub.org/housing/florida/lake-county/lady-lake,HUD/USDA/FHFC,"1 Bedroom, 2 Bedroom, 3 Bedroom, 4 Bedroom",36,general low-income,USDA RD 515,max LIHTC rent,$1558; $1638; $1857; $2362; $2849,Published amounts appear to be maximum restricted LIHTC rents; confirm actual tenant rent with property.,NOT FOUND,NOT FOUND,NOT FOUND / NEEDS CALL,NOT FOUND / NEEDS CALL,NOT FOUND / NEEDS CALL,NOT FOUND / NEEDS CALL,NOT FOUND / NEEDS CALL,NOT FOUND / NEEDS CALL,NOT FOUND / NEEDS CALL,NOT FOUND / NEEDS CALL,NOT FOUND / NEEDS CALL,NOT FOUND / NEEDS CALL,call office,,open,available_now,"June 19, 2026",4,Source indicates units are available now.,True,Listed on USDA Rural Development Lake County property list.,72,0.0
Lakewood Villas,USDA RD,306 S. Old Dixie Hwy Lady Lake,Lady Lake,Lake County,FL,,(352) 753-1006,program.intake@usda.gov,http://lakewoodvillasladylake.com,"Dimension One Management, Inc This institution is an equal opportunity provider",,,"https://rdmfhrentals.sc.egov.usda.gov/RDMFHRentals/projectservlet?cnty=069&st=12; http://lakewoodvillasladylake.com; http://lakewoodvillasladylake.com/; https://affordablehousinghub.org/housing/florida/lake-county/lady-lake/lakewood-villas-of-lady-lake-2225-lihtc; https://affordablehousingonline.com/housing-search/Florida/Lady-Lake/Lakewood-Villas-of-Lady-Lake,-Ltd/10026307",HUD/USDA/FHFC,"1 Bedroom, 2 Bedroom, 3 Bedroom, 4 Bedroom",96,senior,USDA RD 515,max LIHTC rent,"$761.00 - $916.00; $828.00 - $1,014.00",Published amounts appear to be maximum restricted LIHTC rents; confirm actual tenant rent with property.,NOT FOUND,NOT FOUND,NOT FOUND / NEEDS CALL,NOT FOUND / NEEDS CALL,NOT FOUND / NEEDS CALL,Published pet-related language found; property verification recommended.,NOT FOUND / NEEDS CALL,Published credit-related language found; property verification recommended.,NOT FOUND / NEEDS CALL,NOT FOUND / NEEDS CALL,NOT FOUND / NEEDS CALL,NOT FOUND / NEEDS CALL,call office,,open,waitlist_only,"June 19, 2026",3,Source indicates the property is accepting applications or has an open waitlist.,True,"Listed on USDA Rural Development Lake County property list. | Lakewood Villas | Lady Lake | Lakewood Villas | Lady Lake | Lakewood Villas | Lady Lake | Lakewood Villas | Lady Lake | Lakewood Villas | Lady Lake | Pet-friendly apartments, Affordable apartments, Senior Living apartments, Handicap Accessible apartments in Lady Lake, FL | Lakewood Villas Toggle navigation Overview Amenities Floorplans Property Photos Areamap Lakewood Villas 306 S. Old Dixie Hwy Lady Lake, FL 32159 (352) 753-1006 Request Rental Application Directions Brochure Office Address Office TDD Phone: 711 Lakewood Villas offers affordable housing for low income seniors aged 62+ and disabled or handicapped households, regardless of age. The property features one and two bedroom units with a stove, refrigerator, central heat and air, carpeting, and mini blinds. Residents enjoy the convenience of an on-site laundry facility. The commu | , Handicap Accessible apartments in Lady Lake, FL | Lakewood Villas Toggle navigation Overview Amenities Floorplans Property Photos Areamap Lakewood Villas 306 S. Old Dixie Hwy Lady Lake, FL 32159 (352) 753-1006 Request Rental Application Directions Brochure Office Address Office TDD Phone: 711 Lakewood Villas offers affordable housing for low income seniors aged 62+ and disabled or handicapped households, regardless of age. The propert | mmunity Room with Kitchen Experienced Management Gazebo Near to Shopping On-Site Maintenance Floor Plans One Bedroom Flat Bedrooms 1 Bath 1 Size (sq ft) 610 Price Per Month $761.00 - $916.00 Deposit Equal to one month's rent Two Bedroom Flat Bedrooms 2 Bath 1 Size (sq ft) 785 Price Per Month $828.00 - $1,014.00 Deposit Equal to one month's rent Previous Floorplan Next Floorplan Property Photos Area Map Schools What's Nearby Bedrooms Bat | Bedrooms 1 Bath 1 Size (sq ft) 610 Price Per Month $761.00 - $916.00 Deposit Equal to one month's rent Two Bedroom Flat Bedrooms 2 Bath 1 Size (sq ft) 785 Price Per Month $828.00 - $1,014.00 Deposit Equal to one month's rent Previous Floorplan Next Floorplan Property Photos Area Map Schools What's Nearby Bedrooms Bath Size (sq ft) Price Per Month Deposit One Bedroom Flat 1 1 610 $761.00 - $916.00 Equal to one month's rent Two Bedroom Fl | ual to one month's rent Previous Floorplan Next Floorplan Property Photos Area Map Schools What's Nearby Bedrooms Bath Size (sq ft) Price Per Month Deposit One Bedroom Flat 1 1 610 $761.00 - $916.00 Equal to one month's rent Two Bedroom Flat 2 1 785 $828.00 - $1,014.00 Equal to one month's rent Lease Terms We offer a twelve-month lease. Pet Policy Pets are allowed with a $200 pet deposit. Approved service animals are welcome. Income Qua | cap Accessible apartments in Lady Lake, FL | Lakewood Villas Toggle navigation Overview Amenities Floorplans Property Photos Areamap Lakewood Villas 306 S. Old Dixie Hwy Lady Lake, FL 32159 (352) 753-1006 Request Rental Application Directions Brochure Office Address Office TDD Phone: 711 Lakewood Villas offers affordable housing for low income seniors aged 62+ and disabled or handicapped households, regardless of age. The property featu | tion and bear all risk for inaccuracies. Pricing and terms are subject to change. Toggle navigation Dimension One Management, Inc. - Lakewood Villas Lakewood Villas Contact Email Property Manager Website Feedback Rental Application Request Rental Application Brochure View Email Brochure Print Property Brochure Request Information View Brochure Email Brochure Print Property Brochure Driving Directions Request Information Print Property B | inaccuracies. Pricing and terms are subject to change. Toggle navigation Dimension One Management, Inc. - Lakewood Villas Lakewood Villas Contact Email Property Manager Website Feedback Rental Application Request Rental Application Brochure View Email Brochure Print Property Brochure Request Information View Brochure Email Brochure Print Property Brochure Driving Directions Request Information Print Property Brochure Email Brochure Driv | mily/parental status, income derived from a public assistance program, political beliefs, or reprisal or retaliation for prior civil rights activity, in any program or activity conducted or funded by USDA (not all bases apply to all programs). Remedies and complaint filing deadlines vary by program or incident. Persons with disabilities who require alternative means of communication for program information (e.g., Braille, large print, a | ing Community Laundry Room Community Room with Kitchen Experienced Management Gazebo Near to Shopping On-Site Maintenance Floor Plans One Bedroom Flat Bedrooms 1 Bath 1 Size (sq ft) 610 Price Per Month $761.00 - $916.00 Deposit Equal to one month's rent Two Bedroom Flat Bedrooms 2 Bath 1 Size (sq ft) 785 Price Per Month $828.00 - $1,014.00 Deposit Equal to one month's rent Previous Floorplan Next Floorplan Property Photos Area Map Schoo | Floor Plans One Bedroom Flat Bedrooms 1 Bath 1 Size (sq ft) 610 Price Per Month $761.00 - $916.00 Deposit Equal to one month's rent Two Bedroom Flat Bedrooms 2 Bath 1 Size (sq ft) 785 Price Per Month $828.00 - $1,014.00 Deposit Equal to one month's rent Previous Floorplan Next Floorplan Property Photos Area Map Schools What's Nearby Bedrooms Bath Size (sq ft) Price Per Month Deposit One Bedroom Flat 1 1 610 $761.00 - $916.00 Equal to on | 2 Bath 1 Size (sq ft) 785 Price Per Month $828.00 - $1,014.00 Deposit Equal to one month's rent Previous Floorplan Next Floorplan Property Photos Area Map Schools What's Nearby Bedrooms Bath Size (sq ft) Price Per Month Deposit One Bedroom Flat 1 1 610 $761.00 - $916.00 Equal to one month's rent Two Bedroom Flat 2 1 785 $828.00 - $1,014.00 Equal to one month's rent Lease Terms We offer a twelve-month lease. Pet Policy Pets are allowed w | room Flat 1 1 610 $761.00 - $916.00 Equal to one month's rent Two Bedroom Flat 2 1 785 $828.00 - $1,014.00 Equal to one month's rent Lease Terms We offer a twelve-month lease. Pet Policy Pets are allowed with a $200 pet deposit. Approved service animals are welcome. Income Qualifications Note: Annual adjusted income cannot exceed the moderate income level as set by Rural Development. The maximum allowable income is subject to change. El | usda, rural development, senior, elderly, disabled",94,0.0
Lakewood Villas,Unknown,2345 South Street Leesburg,Leesburg,Lake County,FL,,(727) 449-1182,lakewood@flynnmanagement.com,https://affordablehousingonline.com/housing-search/Florida/Leesburg/Lakewood-Villas/6710,"Flynn Management Corporation, Licensed Real Estate Broker",,,https://rdmfhrentals.sc.egov.usda.gov/RDMFHRentals/projectservlet?cnty=069&st=12; https://flynnmanagement.com/lakewood/; https://affordablehousingonline.com/housing-search/Florida/Leesburg/Lakewood-Villas/6710; https://affordablehousinghub.org/housing/florida/lake-county/lady-lake/lakewood-villas-of-lady-lake-2225-lihtc,HUD/USDA/FHFC,"2 Beds, 2 bedroom",96,disabled,Unknown,max LIHTC rent,$1558; $1638; $1857; $2362; $2849,Published amounts appear to be maximum restricted LIHTC rents; confirm actual tenant rent with property.,NOT FOUND,NOT FOUND,NOT FOUND / NEEDS CALL,NOT FOUND / NEEDS CALL,NOT FOUND / NEEDS CALL,NOT FOUND / NEEDS CALL,NOT FOUND / NEEDS CALL,Published credit-related language found; property verification recommended.,NOT FOUND / NEEDS CALL,NOT FOUND / NEEDS CALL,NOT FOUND / NEEDS CALL,NOT FOUND / NEEDS CALL,call office,,open,waitlist_only,"June 19, 2026",3,Source indicates the property is accepting applications or has an open waitlist.,True,Lakewood Villas | Leesburg,94,0.0
Misty Wood Apartments,Unknown,205 Jumper Dr N,Bushnell,Sumter County,FL,33513,(352) 793-8211,mistywoods@flynnmanagement.com,https://www.sumtercountyfl.gov/246/Rental-Assistance-Resources,private/corporate owners or nonprofits,,Sumter County Housing,https://www.sumtercountyfl.gov/246/Rental-Assistance-Resources; https://www.sumtercountyfl.gov/DocumentCenter/View/29964/Sumter-County-Multifamily-Analysis-Final-Version-06202018; https://sumtercountyfl.gov/246/Rental-Assistance-Resources; https://affordablehousinghub.org/housing/florida/sumter-county/bushnell/misty-woods-2356-lihtc; https://affordablehousingonline.com/housing-search/Florida/Bushnell/Misty-Woods-Apartments/6252; https://flynnmanagement.com/misty,government,"1 Bedroom, 2 Bedroom, 3 Bedroom, 4 Bedroom, 1-bedroom, 2-bedroom",42,general low-income,Unknown affordable rental,max LIHTC rent,$945; $951; $1250; $1572; $1665,Published amounts appear to be maximum restricted LIHTC rents; confirm actual tenant rent with property.,NOT FOUND,NOT FOUND,NOT FOUND / NEEDS CALL,NOT FOUND / NEEDS CALL,NOT FOUND / NEEDS CALL,Published pet-related language found; property verification recommended.,NOT FOUND / NEEDS CALL,Published credit-related language found; property verification recommended.,NOT FOUND / NEEDS CALL,NOT FOUND / NEEDS CALL,NOT FOUND / NEEDS CALL,NOT FOUND / NEEDS CALL,call office,,open,waitlist_only,"June 19, 2026",3,Source indicates the property is accepting applications or has an open waitlist.,True,Sumter County rental assistance provider lead. | Misty Wood Apartments - 352-793-8211,93,5.7
Lake North Apts LTD,USDA RD,36 Fair Market Rent - Lake County,Lady Lake,Lake County,FL,,,hjones@eustishousingauthority.com,https://affordablehousinghub.org/housing/florida/lake-county/lady-lake/lake-north-apts-ii-2268-lihtc,,,,https://rdmfhrentals.sc.egov.usda.gov/RDMFHRentals/projectservlet?cnty=069&st=12; https://affordablehousinghub.org/housing/florida/lake-county/lady-lake/lake-north-apts-ii-2268-lihtc,HUD/USDA/FHFC,"1 Bedroom, 2 Bedroom, 3 Bedroom, 4 Bedroom",36,general low-income,USDA RD 515,max LIHTC rent,$1558; $1638; $1857; $2362; $2849,Published amounts appear to be maximum restricted LIHTC rents; confirm actual tenant rent with property.,NOT FOUND,NOT FOUND,NOT FOUND / NEEDS CALL,NOT FOUND / NEEDS CALL,NOT FOUND / NEEDS CALL,NOT FOUND / NEEDS CALL,NOT FOUND / NEEDS CALL,NOT FOUND / NEEDS CALL,NOT FOUND / NEEDS CALL,NOT FOUND / NEEDS CALL,NOT FOUND / NEEDS CALL,NOT FOUND / NEEDS CALL,call office,,open,waitlist_only,"June 19, 2026",3,Source indicates the property is accepting applications or has an open waitlist.,True,Listed on USDA Rural Development Lake County property list.,72,0.0
Wildwood Terrace,Unknown,500 Gilliam St,Wildwood,Sumter County,FL,34785,(352) 748-0013,LowIncomeSupport@gmail.com,https://affordablehousinghub.org/housing/florida/sumter/wildwood/wildwood-terrace-2298-lihtc,oversees the day-to-day management and maintenance of the community,,Sumter County Housing,https://www.sumtercountyfl.gov/246/Rental-Assistance-Resources; https://www.sumtercountyfl.gov/DocumentCenter/View/29964/Sumter-County-Multifamily-Analysis-Final-Version-06202018; https://rdmfhrentals.sc.egov.usda.gov/RDMFHRentals/projectservlet?cnty=119&st=12; https://sumtercountyfl.gov/246/Rental-Assistance-Resources; https://affordablehousinghub.org/housing/florida/sumter/wildwood/wildwood-terrace-2298-lihtc; https://www.lowincomehousing.us/FL/wildwood.html,government,"1 Bedroom, 2 Bedroom, 3 Bedroom, 4 Bedroom",104,general low-income,Unknown affordable rental,max LIHTC rent,$945; $951; $1250; $1572; $1665,Published amounts appear to be maximum restricted LIHTC rents; confirm actual tenant rent with property.,NOT FOUND,NOT FOUND,NOT FOUND / NEEDS CALL,NOT FOUND / NEEDS CALL,NOT FOUND / NEEDS CALL,NOT FOUND / NEEDS CALL,NOT FOUND / NEEDS CALL,Published credit-related language found; property verification recommended.,NOT FOUND / NEEDS CALL,NOT FOUND / NEEDS CALL,NOT FOUND / NEEDS CALL,NOT FOUND / NEEDS CALL,call office,,open,waitlist_only,"June 19, 2026",3,Source indicates the property is accepting applications or has an open waitlist.,True,Listed by Sumter County as rental assistance provider and in county multifamily inventory. | Wildwood Terrace | Wildwood | Wildwood Terrace | Wildwood | Wildwood Terrace | Wildwood | Wildwood Terrace | Wildwood | Wildwood Terrace | Wildwood | Wildwood Terrace - 352-748-0013,71,0.0
Orangewood Villas,Unknown,220 E Collins St,Umatilla,Lake County,FL,,(352) 669-0009,hjones@eustishousingauthority.com,https://affordablehousingonline.com/housing-search/Florida/Umatilla/Orangewood-Villas/10026157,private/corporate owners or nonprofits,,,https://rdmfhrentals.sc.egov.usda.gov/RDMFHRentals/projectservlet?cnty=069&st=12; https://affordablehousingonline.com/housing-search/Florida/Umatilla/Orangewood-Villas/10026157; https://affordablehousinghub.org/housing/florida/lake-county/umatilla/orangewood-villas-2350-lihtc; https://www.lowincomehousing.us/FL/umatilla.html,HUD/USDA/FHFC,"1 Bedroom, 2 Bedroom, 3 Bedroom, 4 Bedroom",485,senior,Unknown,max LIHTC rent,$1558; $1638; $18; $1857; $2362; $2849,Published amounts appear to be maximum restricted LIHTC rents; confirm actual tenant rent with property.,NOT FOUND,NOT FOUND,NOT FOUND / NEEDS CALL,NOT FOUND / NEEDS CALL,NOT FOUND / NEEDS CALL,NOT FOUND / NEEDS CALL,NOT FOUND / NEEDS CALL,Published credit-related language found; property verification recommended.,NOT FOUND / NEEDS CALL,NOT FOUND / NEEDS CALL,NOT FOUND / NEEDS CALL,NOT FOUND / NEEDS CALL,call office,,open,waitlist_only,"June 19, 2026",3,Source indicates the property is accepting applications or has an open waitlist.,True,Orangewood Villas | Umatilla,64,
Panasoffkee Family Apartments,Family,910 CR 482N,Lake Panasoffkee,Sumter County,FL,33538,(352) 793-2288,LowIncomeSupport@gmail.com,https://www.uslowcosthousing.com/foreclosure-housing/fl/lady_lake/fl-lady_lake-panasoffkee-family-apartments/,,,Sumter County Housing,https://www.sumtercountyfl.gov/246/Rental-Assistance-Resources; https://www.sumtercountyfl.gov/DocumentCenter/View/29964/Sumter-County-Multifamily-Analysis-Final-Version-06202018; https://sumtercountyfl.gov/246/Rental-Assistance-Resources; https://www.lowincomehousing.us/FL/lake_panasoffkee.html; https://www.lowincomehousing.us/FL/sumterville.html; https://www.uslowcosthousing.com/foreclosure-housing/fl/lady_lake/fl-lady_lake-panasoffkee-family-apartments/; https://www.uslowcosthousing.com/foreclosure-housing/fl/sanford/fl-sanford-overlook-at-monroe-apartments/; https://www.lowincomehousing.us/FL/center_hill.html,government,"1 bedroom, 2 bedroom, 3 bedroom",,senior,Unknown affordable rental,income-based,"$48,400; $88,300; $59,500",NOT FOUND,NOT FOUND,NOT FOUND,NOT FOUND / NEEDS CALL,NOT FOUND / NEEDS CALL,NOT FOUND / NEEDS CALL,NOT FOUND / NEEDS CALL,NOT FOUND / NEEDS CALL,Published credit-related language found; property verification recommended.,NOT FOUND / NEEDS CALL,NOT FOUND / NEEDS CALL,NOT FOUND / NEEDS CALL,NOT FOUND / NEEDS CALL,call office,,call_required,call_required,,2,No reliable online vacancy evidence located; property verification is required.,True,County multifamily inventory indicates family-focused property at same site as senior apartments. | Lake Panasoffkee Apartments - 352-793-2288,87,0.0
Lakeview Villas LTD,Unknown,200 12th St Clermont,Clermont,Lake County,FL,,1 (352) 394-2896,,,,,,https://rdmfhrentals.sc.egov.usda.gov/RDMFHRentals/projectservlet?cnty=069&st=12; https://www.publichousing.com/city/fl-clermont,HUD/USDA/FHFC,1 bedroom,,senior,Unknown,unknown,NOT FOUND,NOT FOUND,NOT FOUND,NOT FOUND,NOT FOUND / NEEDS CALL,NOT FOUND / NEEDS CALL,NOT FOUND / NEEDS CALL,NOT FOUND / NEEDS CALL,NOT FOUND / NEEDS CALL,NOT FOUND / NEEDS CALL,NOT FOUND / NEEDS CALL,NOT FOUND / NEEDS CALL,NOT FOUND / NEEDS CALL,NOT FOUND / NEEDS CALL,call office,,call_required,call_required,,2,No reliable online vacancy evidence located; property verification is required.,True,Lakeview Villas LTD | Clermont,84,
Mirror Lake Manor,USDA RD,301 East Mirror Lk Fruitland Park,Fruitland Park,Lake County,FL,,1 352-728-4208,,,,,,https://rdmfhrentals.sc.egov.usda.gov/RDMFHRentals/projectservlet?cnty=069&st=12; https://www.publichousing.com/city/fl-fruitland_park,HUD/USDA/FHFC,,,disabled,USDA RD 515,income-based,NOT FOUND,Likely based on adjusted income; exact tenant rent requires application/property verification.,NOT FOUND,NOT FOUND,NOT FOUND / NEEDS CALL,NOT FOUND / NEEDS CALL,NOT FOUND / NEEDS CALL,NOT FOUND / NEEDS CALL,NOT FOUND / NEEDS CALL,NOT FOUND / NEEDS CALL,NOT FOUND / NEEDS CALL,NOT FOUND / NEEDS CALL,NOT FOUND / NEEDS CALL,NOT FOUND / NEEDS CALL,call office,,call_required,call_required,,2,No reliable online vacancy evidence located; property verification is required.,True,Listed on USDA Rural Development Lake County property list. | Mirror Lake Manor | Fruitland Park Dr. | Mirror Lake Manor | Fruitland Park Dr. | Mirror Lake Manor | Fruitland Park Dr. | Mirror Lake Manor | Fruitland Park Dr. | Mirror Lake Manor | Fruitland Park Dr.,84,0.0
Pendry Villas,Unknown,1303 2400 Kurt St,Eustis,Lake County,FL,,(352) 357-3434,,,,,,https://rdmfhrentals.sc.egov.usda.gov/RDMFHRentals/projectservlet?cnty=069&st=12; https://eustischamber.org/AboutEustis/housing.asp,HUD/USDA/FHFC,"4 bedroom, 4 bedrooms, 2 bedrooms, 3 bedrooms",47,senior,Unknown,unknown,NOT FOUND,NOT FOUND,NOT FOUND,NOT FOUND,NOT FOUND / NEEDS CALL,NOT FOUND / NEEDS CALL,NOT FOUND / NEEDS CALL,Published pet-related language found; property verification recommended.,NOT FOUND / NEEDS CALL,Published credit-related language found; property verification recommended.,NOT FOUND / NEEDS CALL,NOT FOUND / NEEDS CALL,NOT FOUND / NEEDS CALL,NOT FOUND / NEEDS CALL,call office,,call_required,call_required,,2,No reliable online vacancy evidence located; property verification is required.,True,Pendry Villas | Eustis,84,
Wildwood Commons,Unknown,1000 Lee St,Wildwood,Sumter County,FL,34785,(352) 748-0047,,https://www.mapquest.com/us/florida/wildwood-commons-apartments-277251531,,,Sumter County Housing,https://www.sumtercountyfl.gov/246/Rental-Assistance-Resources; https://www.sumtercountyfl.gov/DocumentCenter/View/29964/Sumter-County-Multifamily-Analysis-Final-Version-06202018; https://rdmfhrentals.sc.egov.usda.gov/RDMFHRentals/projectservlet?cnty=119&st=12; https://sumtercountyfl.gov/246/Rental-Assistance-Resources; https://www.mapquest.com/us/florida/wildwood-commons-apartments-277251531,government,,,,Unknown affordable rental,fixed affordable rent,NOT FOUND,NOT FOUND,NOT FOUND,NOT FOUND,NOT FOUND / NEEDS CALL,NOT FOUND / NEEDS CALL,NOT FOUND / NEEDS CALL,NOT FOUND / NEEDS CALL,NOT FOUND / NEEDS CALL,NOT FOUND / NEEDS CALL,NOT FOUND / NEEDS CALL,NOT FOUND / NEEDS CALL,NOT FOUND / NEEDS CALL,NOT FOUND / NEEDS CALL,call office,,call_required,call_required,,2,No reliable online vacancy evidence located; property verification is required.,True,Listed by Sumter County as rental assistance provider and in county multifamily inventory. | Wildwood Commonsltd | Wildwood | Wildwood Commonsltd | Wildwood | Wildwood Commonsltd | Wildwood | Wildwood Commonsltd | Wildwood | Wildwood Commonsltd | Wildwood | Wildwood Commons - 352-748-0047,83,0.0
Panasoffkee Senior Apartments,Senior 62+,910 CR 482N,Lake Panasoffkee,Sumter County,FL,33538,(352) 793-2288,,,,,Sumter County Housing,https://www.sumtercountyfl.gov/246/Rental-Assistance-Resources; https://www.sumtercountyfl.gov/DocumentCenter/View/29964/Sumter-County-Multifamily-Analysis-Final-Version-06202018,government,,,,Unknown affordable rental,fixed affordable rent,NOT FOUND,NOT FOUND,NOT FOUND,NOT FOUND,NOT FOUND / NEEDS CALL,NOT FOUND / NEEDS CALL,NOT FOUND / NEEDS CALL,NOT FOUND / NEEDS CALL,NOT FOUND / NEEDS CALL,NOT FOUND / NEEDS CALL,NOT FOUND / NEEDS CALL,NOT FOUND / NEEDS CALL,NOT FOUND / NEEDS CALL,NOT FOUND / NEEDS CALL,call office,,call_required,call_required,,2,No reliable online vacancy evidence located; property verification is required.,True,County multifamily inventory indicates senior-focused property at same site as family apartments.,61,0.0
Wildwood Townhomes,Unknown,301 E Gulf Atlantic Hwy,Wildwood,Sumter County,FL,34785,(352) 748-5677,,,,,Sumter County Housing,https://www.sumtercountyfl.gov/246/Rental-Assistance-Resources; https://www.sumtercountyfl.gov/DocumentCenter/View/29964/Sumter-County-Multifamily-Analysis-Final-Version-06202018; https://sumtercountyfl.gov/246/Rental-Assistance-Resources,government,,,,Unknown affordable rental,fixed affordable rent,NOT FOUND,NOT FOUND,NOT FOUND,NOT FOUND,NOT FOUND / NEEDS CALL,NOT FOUND / NEEDS CALL,NOT FOUND / NEEDS CALL,NOT FOUND / NEEDS CALL,NOT FOUND / NEEDS CALL,NOT FOUND / NEEDS CALL,NOT FOUND / NEEDS CALL,NOT FOUND / NEEDS CALL,NOT FOUND / NEEDS CALL,NOT FOUND / NEEDS CALL,call office,,call_required,call_required,,2,No reliable online vacancy evidence located; property verification is required.,True,Listed by Sumter County as rental assistance provider and in county multifamily inventory. | Wildwood Townhomes - 352-748-5677,61,0.0
Bushnell Gardens II,Unknown,1000 Meadows Cir,Bushnell,Sumter County,FL,33513,(352) 793-4838,,,,,Sumter County Housing,https://www.sumtercountyfl.gov/DocumentCenter/View/29964/Sumter-County-Multifamily-Analysis-Final-Version-06202018,government,,,,Unknown affordable rental,fixed affordable rent,NOT FOUND,NOT FOUND,NOT FOUND,NOT FOUND,NOT FOUND / NEEDS CALL,NOT FOUND / NEEDS CALL,NOT FOUND / NEEDS CALL,NOT FOUND / NEEDS CALL,NOT FOUND / NEEDS CALL,NOT FOUND / NEEDS CALL,NOT FOUND / NEEDS CALL,NOT FOUND / NEEDS CALL,NOT FOUND / NEEDS CALL,NOT FOUND / NEEDS CALL,call office,,call_required,call_required,,2,No reliable online vacancy evidence located; property verification is required.,True,County multifamily inventory lead; verify with property directly.,53,5.7
Lake Sumter Reserve Apartment Homes,Mixed Affordable,10840 NE 89th Drive,Lady Lake,Sumter County,FL,32162,,,,,,Sumter County Housing,https://www.sumtercountyfl.gov/AgendaCenter/ViewFile/Item/23512?fileID=57591,government,,,,SHIP / FHFC funded affordable rental,fixed affordable rent,NOT FOUND,NOT FOUND,NOT FOUND,NOT FOUND,NOT FOUND / NEEDS CALL,NOT FOUND / NEEDS CALL,NOT FOUND / NEEDS CALL,NOT FOUND / NEEDS CALL,NOT FOUND / NEEDS CALL,NOT FOUND / NEEDS CALL,NOT FOUND / NEEDS CALL,NOT FOUND / NEEDS CALL,NOT FOUND / NEEDS CALL,NOT FOUND / NEEDS CALL,call office,,call_required,call_required,,2,No reliable online vacancy evidence located; property verification is required.,True,County SHIP agenda references FHFC and SHIP funding for this apartment community.,53,0.0
Austin Commons,Unknown,NOT FOUND / NEEDS CALL,Eustis,Lake County,FL,,,,,,,,https://rdmfhrentals.sc.egov.usda.gov/RDMFHRentals/projectservlet?cnty=069&st=12,HUD/USDA/FHFC,,,,Unknown,unknown,NOT FOUND,NOT FOUND,NOT FOUND,NOT FOUND,NOT FOUND / NEEDS CALL,NOT FOUND / NEEDS CALL,NOT FOUND / NEEDS CALL,NOT FOUND / NEEDS CALL,NOT FOUND / NEEDS CALL,NOT FOUND / NEEDS CALL,NOT FOUND / NEEDS CALL,NOT FOUND / NEEDS CALL,NOT FOUND / NEEDS CALL,NOT FOUND / NEEDS CALL,call office,,call_required,call_required,,2,No reliable online vacancy evidence located; property verification is required.,True,Austin Commons | Eustis,46,
Windemere Villas,Unknown,1416 Griffin Rd,Leesburg,Lake County,FL,,(352) 728-5444,windemere@flynnmanagement.com,https://windemerevillas.com,"Flynn Management Corporation, Licensed Real Estate Broker Website Maintained By Stryker Consulting",,,https://windemerevillas.com; https://windemerevillas.com/apartments/; https://windemerevillas.com/,unknown,2 Bedroom,,senior,Unknown,unknown,NOT FOUND,NOT FOUND,NOT FOUND,NOT FOUND,NOT FOUND / NEEDS CALL,NOT FOUND / NEEDS CALL,NOT FOUND / NEEDS CALL,NOT FOUND / NEEDS CALL,NOT FOUND / NEEDS CALL,NOT FOUND / NEEDS CALL,NOT FOUND / NEEDS CALL,NOT FOUND / NEEDS CALL,NOT FOUND / NEEDS CALL,NOT FOUND / NEEDS CALL,call office,,call_required,call_required,,2,No reliable online vacancy evidence located; property verification is required.,True,"Windemere Villas | A 55+ Community in Leesburg, Florida | Leesburg, Florida 55+ Community Windemere Villas | Leesburg, Florida (352) 728-5444 Navigation Home Apartments One Bedroom Apartment Two Bedroom Apartment Amenities Take a Tour Photo Gallery Floor Plans Application Directions Contact Us Home Apartments One Bedroom Apartment Two Bedroom Apartment Amenities Take a Tour Photo Gallery Floor Plans Application Directions Contact Us Windemere Villas in Leesburg, Florida Save $$$ Over Living in The Villages A Private, Relaxing 55+ Apartment Community Designed to Fit Your Lifestyle Windemere Villas, a 55+ apartment community, offers one bedroom and two bedroom apartments. Each residence featur | sburg, Florida | Leesburg, Florida 55+ Community Windemere Villas | Leesburg, Florida (352) 728-5444 Navigation Home Apartments One Bedroom Apartment Two Bedroom Apartment Amenities Take a Tour Photo Gallery Floor Plans Application Directions Contact Us Home Apartments One Bedroom Apartment Two Bedroom Apartment Amenities Take a Tour Photo Gallery Floor Plans Application Directions Contact Us Windemere Villas in Leesburg, Florida Save $ | artment Two Bedroom Apartment Amenities Take a Tour Photo Gallery Floor Plans Application Directions Contact Us Home Apartments One Bedroom Apartment Two Bedroom Apartment Amenities Take a Tour Photo Gallery Floor Plans Application Directions Contact Us Windemere Villas in Leesburg, Florida Save $$$ Over Living in The Villages A Private, Relaxing 55+ Apartment Community Designed to Fit Your Lifestyle Windemere Villas, a 55+ apartment co | away to avoid noise and congestion. Windemere Villas 1416 Griffin Rd. Leesburg, FL 34748 Office: (352) 728-5444 Fax: (352) 728-0970 windemere@flynnmanagement.com Office Hours: Monday-Friday 8:30am to 5pm Schedule a Tour Applications Apartments Take a Tour Contact Us Living in Windemere Villas Windemere Villas is ideal for active seniors over 55 years of age. Conveniently located between Spanish Springs and Brownwood in The Villages. Ame | 5444 Fax: (352) 728-0970 windemere@flynnmanagement.com www.windemerevillas.com Equal Housing Opportunity • Information is believed to be accurate but is not guaranteed or warranted. Home Apartments Amenities Take a Tour Application Directions Contact Us © 2026 Windemere Villas | All Rights Reserved | Leesburg, Florida | Privacy Policy All properties are professionally managed by Flynn Management Corporation, Licensed Real Estate Broker | senior | Windemere Villas | A 55+ Community in Leesburg, Florida | Leesburg, Florida 55+ Community Windemere Villas | Leesburg, Florida (352) 728-5444 Navigation Home Apartments One Bedroom Apartment Two Bedroom Apartment Amenities Take a Tour Photo Gallery Floor Plans Application Directions Contact Us Home Apartments One Bedroom Apartment Two Bedroom Apartment Amenities Take a Tour Photo Gallery Floor Plans Application Directions Contact Us Windemere Villas in Leesburg, Florida Save $$$ Over Living in The Villages A Private, Relaxing 55+ Apartment Community Designed to Fit Your Lifestyle Windemere Villas, a 55+ apartment community, offers one bedroom and two bedroom apartments. Each residence featur | sburg, Florida | Leesburg, Florida 55+ Community Windemere Villas | Leesburg, Florida (352) 728-5444 Navigation Home Apartments One Bedroom Apartment Two Bedroom Apartment Amenities Take a Tour Photo Gallery Floor Plans Application Directions Contact Us Home Apartments One Bedroom Apartment Two Bedroom Apartment Amenities Take a Tour Photo Gallery Floor Plans Application Directions Contact Us Windemere Villas in Leesburg, Florida Save $ | artment Two Bedroom Apartment Amenities Take a Tour Photo Gallery Floor Plans Application Directions Contact Us Home Apartments One Bedroom Apartment Two Bedroom Apartment Amenities Take a Tour Photo Gallery Floor Plans Application Directions Contact Us Windemere Villas in Leesburg, Florida Save $$$ Over Living in The Villages A Private, Relaxing 55+ Apartment Community Designed to Fit Your Lifestyle Windemere Villas, a 55+ apartment co | away to avoid noise and congestion. Windemere Villas 1416 Griffin Rd. Leesburg, FL 34748 Office: (352) 728-5444 Fax: (352) 728-0970 windemere@flynnmanagement.com Office Hours: Monday-Friday 8:30am to 5pm Schedule a Tour Applications Apartments Take a Tour Contact Us Living in Windemere Villas Windemere Villas is ideal for active seniors over 55 years of age. Conveniently located between Spanish Springs and Brownwood in The Villages. Ame | 5444 Fax: (352) 728-0970 windemere@flynnmanagement.com www.windemerevillas.com Equal Housing Opportunity • Information is believed to be accurate but is not guaranteed or warranted. Home Apartments Amenities Take a Tour Application Directions Contact Us © 2026 Windemere Villas | All Rights Reserved | Leesburg, Florida | Privacy Policy All properties are professionally managed by Flynn Management Corporation, Licensed Real Estate Broker | senior | Windemere Villas | A 55+ Community in Leesburg, Florida | Leesburg, Florida 55+ Community Windemere Villas | Leesburg, Florida (352) 728-5444 Navigation Home Apartments One Bedroom Apartment Two Bedroom Apartment Amenities Take a Tour Photo Gallery Floor Plans Application Directions Contact Us Home Apartments One Bedroom Apartment Two Bedroom Apartment Amenities Take a Tour Photo Gallery Floor Plans Application Directions Contact Us Windemere Villas in Leesburg, Florida Save $$$ Over Living in The Villages A Private, Relaxing 55+ Apartment Community Designed to Fit Your Lifestyle Windemere Villas, a 55+ apartment community, offers one bedroom and two bedroom apartments. Each residence featur | sburg, Florida | Leesburg, Florida 55+ Community Windemere Villas | Leesburg, Florida (352) 728-5444 Navigation Home Apartments One Bedroom Apartment Two Bedroom Apartment Amenities Take a Tour Photo Gallery Floor Plans Application Directions Contact Us Home Apartments One Bedroom Apartment Two Bedroom Apartment Amenities Take a Tour Photo Gallery Floor Plans Application Directions Contact Us Windemere Villas in Leesburg, Florida Save $ | artment Two Bedroom Apartment Amenities Take a Tour Photo Gallery Floor Plans Application Directions Contact Us Home Apartments One Bedroom Apartment Two Bedroom Apartment Amenities Take a Tour Photo Gallery Floor Plans Application Directions Contact Us Windemere Villas in Leesburg, Florida Save $$$ Over Living in The Villages A Private, Relaxing 55+ Apartment Community Designed to Fit Your Lifestyle Windemere Villas, a 55+ apartment co | away to avoid noise and congestion. Windemere Villas 1416 Griffin Rd. Leesburg, FL 34748 Office: (352) 728-5444 Fax: (352) 728-0970 windemere@flynnmanagement.com Office Hours: Monday-Friday 8:30am to 5pm Schedule a Tour Applications Apartments Take a Tour Contact Us Living in Windemere Villas Windemere Villas is ideal for active seniors over 55 years of age. Conveniently located between Spanish Springs and Brownwood in The Villages. Ame | 5444 Fax: (352) 728-0970 windemere@flynnmanagement.com www.windemerevillas.com Equal Housing Opportunity • Information is believed to be accurate but is not guaranteed or warranted. Home Apartments Amenities Take a Tour Application Directions Contact Us © 2026 Windemere Villas | All Rights Reserved | Leesburg, Florida | Privacy Policy All properties are professionally managed by Flynn Management Corporation, Licensed Real Estate Broker | senior",23,0.0
Tall Pines Villas,Unknown,1000 Wall Street Suite 60,Eustis,Lake County,FL,,352.357.4851,program.intake@usda.gov,https://affordablehousingonline.com/housing-search/Florida/Eustis/Tall-Pines-Villas/10103280,"Dimension One Management, Inc This institution is an equal opportunity provider",,,https://rdmfhrentals.sc.egov.usda.gov/RDMFHRentals/projectservlet?cnty=069&st=12; https://www.eustishousingauthority.com/our-communities/tall-pines-villas; http://tallpinesvillas.com/; https://affordablehousingonline.com/housing-search/Florida/Eustis/Tall-Pines-Villas/10103280; https://apartmenthomesflorida.com/rental_place/tall-pines-villas/; https://www.eustishousingauthority.com/,HUD/USDA/FHFC,,56,senior,Unknown,unknown,$705 - $758,NOT FOUND,NOT FOUND,NOT FOUND,NOT FOUND / NEEDS CALL,$705,NOT FOUND / NEEDS CALL,NOT FOUND / NEEDS CALL,NOT FOUND / NEEDS CALL,NOT FOUND / NEEDS CALL,NOT FOUND / NEEDS CALL,NOT FOUND / NEEDS CALL,NOT FOUND / NEEDS CALL,NOT FOUND / NEEDS CALL,call office,,unknown,unknown,"June 19, 2026",1,"Listing exists, but availability information is stale or unclear.",True,Tall Pines Villas | Eustis,94,
Villas Of Mt. Dora,Unknown,3001 Javens Circle,Mount Dora,Lake County,FL,,(352) 383-0466,,https://affordablehousingonline.com/housing-search/Florida/Mount-Dora/Villas-of-Mt.-Dora/67546,s Are you the manager of Villas of Mt,,,https://rdmfhrentals.sc.egov.usda.gov/RDMFHRentals/projectservlet?cnty=069&st=12; https://www.seniorlivingguide.com/communities/villas-of-mt-dora-3001-javens-circle-mount-dora-fl-32757/; https://affordablehousingonline.com/housing-search/Florida/Mount-Dora/Villas-of-Mt.-Dora/67546; https://www.mapquest.com/us/florida/villas-of-mount-dora-4194392; https://affordablehousingonline.com/housing-search/Florida/Mount-Dora,HUD/USDA/FHFC,2 Beds,,senior,Unknown,unknown,NOT FOUND,NOT FOUND,NOT FOUND,NOT FOUND,NOT FOUND / NEEDS CALL,NOT FOUND / NEEDS CALL,NOT FOUND / NEEDS CALL,NOT FOUND / NEEDS CALL,NOT FOUND / NEEDS CALL,NOT FOUND / NEEDS CALL,NOT FOUND / NEEDS CALL,NOT FOUND / NEEDS CALL,NOT FOUND / NEEDS CALL,NOT FOUND / NEEDS CALL,call office,,unknown,unknown,,1,"Listing exists, but availability information is stale or unclear.",True,Villas Of Mt. Dora | Mount Dora,84,
Bushnell Garden Apartments,Unknown,200 Jumper St S,Bushnell,Sumter County,FL,33513,(352) 793-4838,LowIncomeSupport@gmail.com,https://affordablehousingonline.com/housing-search/Florida/Bushnell/Bushnell-Garden-Apartments/10000207,"manges Bushnell Garden Apartments? Bushnell Garden Apartments is managed by Hale Management Group headquartered in Gainesville, Florida",,Sumter County Housing,https://www.sumtercountyfl.gov/246/Rental-Assistance-Resources; https://www.sumtercountyfl.gov/DocumentCenter/View/29964/Sumter-County-Multifamily-Analysis-Final-Version-06202018; https://sumtercountyfl.gov/246/Rental-Assistance-Resources; https://affordablehousingonline.com/housing-search/Florida/Bushnell/Bushnell-Garden-Apartments/10000207; https://www.lowincomehousing.us/FL/bushnell.html,government,3 Beds,,senior,Unknown affordable rental,fixed affordable rent,$600; $811; $700; $917; $775; $999,NOT FOUND,NOT FOUND,NOT FOUND,NOT FOUND / NEEDS CALL,NOT FOUND / NEEDS CALL,NOT FOUND / NEEDS CALL,Published pet-related language found; property verification recommended.,NOT FOUND / NEEDS CALL,NOT FOUND / NEEDS CALL,NOT FOUND / NEEDS CALL,NOT FOUND / NEEDS CALL,NOT FOUND / NEEDS CALL,NOT FOUND / NEEDS CALL,call office,,unknown,unknown,,1,"Listing exists, but availability information is stale or unclear.",True,Outside primary city list but near the target areas and listed by Sumter County as rental assistance provider. | Bushnell Garden Apartments - 352-793-4838,65,5.7
Fruitland Acres LTD,USDA RD,303 Urick St,Fruitland Park,Lake County,FL,,(352) 323-3303,,https://affordablehousingonline.com/housing-search/Florida/Fruitland-Park/Fruitland-Acres-Ltd/10026305,private/corporate owners or nonprofits,,,https://rdmfhrentals.sc.egov.usda.gov/RDMFHRentals/projectservlet?cnty=069&st=12; https://affordablehousingonline.com/housing-search/Florida/Fruitland-Park/Fruitland-Acres-Ltd/10026305; https://affordablehousingonline.com/housing-search/Florida/Fruitland-Park; https://affordablehousingonline.com/housing-search/Florida/Fruitland-Park/Mirror-Lake-Manor/10048622,HUD/USDA/FHFC,2 Bed,,general low-income,USDA RD 515,income-based,NOT FOUND,Likely based on adjusted income; exact tenant rent requires application/property verification.,NOT FOUND,NOT FOUND,NOT FOUND / NEEDS CALL,NOT FOUND / NEEDS CALL,NOT FOUND / NEEDS CALL,NOT FOUND / NEEDS CALL,NOT FOUND / NEEDS CALL,NOT FOUND / NEEDS CALL,NOT FOUND / NEEDS CALL,NOT FOUND / NEEDS CALL,NOT FOUND / NEEDS CALL,NOT FOUND / NEEDS CALL,call office,,unknown,unknown,,1,"Listing exists, but availability information is stale or unclear.",True,Listed on USDA Rural Development Lake County property list.,62,0.0
Montclair Village,USDA RD,2000 Park Cir,Leesburg,Lake County,FL,,,,https://affordablehousingonline.com/housing-search/Florida/Leesburg/Montclair-Village/10103948,,,,https://rdmfhrentals.sc.egov.usda.gov/RDMFHRentals/projectservlet?cnty=069&st=12; https://affordablehousingonline.com/housing-search/Florida/Leesburg/Montclair-Village/10103948; https://affordablehousingonline.com/housing-search/Florida/Leesburg,HUD/USDA/FHFC,2 Bed,,senior,USDA RD 515,income-based,NOT FOUND,Likely based on adjusted income; exact tenant rent requires application/property verification.,NOT FOUND,NOT FOUND,NOT FOUND / NEEDS CALL,NOT FOUND / NEEDS CALL,NOT FOUND / NEEDS CALL,NOT FOUND / NEEDS CALL,NOT FOUND / NEEDS CALL,NOT FOUND / NEEDS CALL,NOT FOUND / NEEDS CALL,NOT FOUND / NEEDS CALL,NOT FOUND / NEEDS CALL,NOT FOUND / NEEDS CALL,call office,,unknown,unknown,,1,"Listing exists, but availability information is stale or unclear.",True,Listed on USDA Rural Development Lake County property list.,62,0.0
Palm Brook Apts LTD,USDA RD,37 Brook Cir,Leesburg,Lake County,FL,,,,https://affordablehousingonline.com/housing-search/Florida/Leesburg/Palm-Brook-Apts-Ltd/10103487,private/corporate owners or nonprofits,,,https://rdmfhrentals.sc.egov.usda.gov/RDMFHRentals/projectservlet?cnty=069&st=12; https://affordablehousingonline.com/housing-search/Florida/Leesburg/Palm-Brook-Apts-Ltd/10103487; https://affordablehousingonline.com/housing-search/Florida/Leesburg,HUD/USDA/FHFC,2 Bed,,senior,USDA RD 515,income-based,NOT FOUND,Likely based on adjusted income; exact tenant rent requires application/property verification.,NOT FOUND,NOT FOUND,NOT FOUND / NEEDS CALL,NOT FOUND / NEEDS CALL,NOT FOUND / NEEDS CALL,NOT FOUND / NEEDS CALL,NOT FOUND / NEEDS CALL,NOT FOUND / NEEDS CALL,NOT FOUND / NEEDS CALL,NOT FOUND / NEEDS CALL,NOT FOUND / NEEDS CALL,NOT FOUND / NEEDS CALL,call office,,unknown,unknown,,1,"Listing exists, but availability information is stale or unclear.",True,Listed on USDA Rural Development Lake County property list.,62,0.0
Pepper Tree Apts,USDA RD,2503 South Street,Leesburg,Lake County,FL,,,,https://affordablehousingonline.com/housing-search/Florida/Leesburg/Pepper-Tree-Apts/10103485,private/corporate owners or nonprofits,,,https://rdmfhrentals.sc.egov.usda.gov/RDMFHRentals/projectservlet?cnty=069&st=12; https://affordablehousingonline.com/housing-search/Florida/Leesburg/Pepper-Tree-Apts/10103485; https://affordablehousingonline.com/housing-search/Florida/Leesburg,HUD/USDA/FHFC,2 Bed,,senior,USDA RD 515,income-based,NOT FOUND,Likely based on adjusted income; exact tenant rent requires application/property verification.,NOT FOUND,NOT FOUND,NOT FOUND / NEEDS CALL,NOT FOUND / NEEDS CALL,NOT FOUND / NEEDS CALL,NOT FOUND / NEEDS CALL,NOT FOUND / NEEDS CALL,NOT FOUND / NEEDS CALL,NOT FOUND / NEEDS CALL,NOT FOUND / NEEDS CALL,NOT FOUND / NEEDS CALL,NOT FOUND / NEEDS CALL,call office,,unknown,unknown,,1,"Listing exists, but availability information is stale or unclear.",True,Listed on USDA Rural Development Lake County property list.,62,0.0
Pepper Tree Apts II,USDA RD,2503 South Street,Leesburg,Lake County,FL,,,,https://affordablehousingonline.com/housing-search/Florida/Leesburg/Pepper-Tree-Apts-II/10104710,private/corporate owners or nonprofits,,,https://rdmfhrentals.sc.egov.usda.gov/RDMFHRentals/projectservlet?cnty=069&st=12; https://affordablehousingonline.com/housing-search/Florida/Leesburg/Pepper-Tree-Apts-II/10104710; https://affordablehousingonline.com/housing-search/Florida/Leesburg,HUD/USDA/FHFC,2 Bed,,senior,USDA RD 515,income-based,NOT FOUND,Likely based on adjusted income; exact tenant rent requires application/property verification.,NOT FOUND,NOT FOUND,NOT FOUND / NEEDS CALL,NOT FOUND / NEEDS CALL,NOT FOUND / NEEDS CALL,NOT FOUND / NEEDS CALL,NOT FOUND / NEEDS CALL,NOT FOUND / NEEDS CALL,NOT FOUND / NEEDS CALL,NOT FOUND / NEEDS CALL,NOT FOUND / NEEDS CALL,NOT FOUND / NEEDS CALL,call office,,unknown,unknown,,1,"Listing exists, but availability information is stale or unclear.",True,Listed on USDA Rural Development Lake County property list.,62,0.0
Turtle Oaks Apartments,Unknown,2311 Griffin Rd Leesburg,Leesburg,Lake County,FL,,352.787.1990,,https://publichousing.com/details/turtle_oaks_apartments,,,,https://publichousing.com/details/turtle_oaks_apartments; https://affordablehousingonline.com/housing-search/Florida/Leesburg/Turtle-Oaks-Apartments/10014722; https://www.publichousing.com/details/turtle_oaks_apartments,unknown,,,senior,Unknown,income-based,"$911; $45,059; $152,928",NOT FOUND,NOT FOUND,NOT FOUND,NOT FOUND / NEEDS CALL,NOT FOUND / NEEDS CALL,NOT FOUND / NEEDS CALL,NOT FOUND / NEEDS CALL,NOT FOUND / NEEDS CALL,NOT FOUND / NEEDS CALL,NOT FOUND / NEEDS CALL,NOT FOUND / NEEDS CALL,NOT FOUND / NEEDS CALL,government-issued ID; Social Security card; proof of income; bank statements; tax returns,call office,,unknown,unknown,"March 3, 2023",1,"Listing exists, but availability information is stale or unclear.",True,"Turtle Oaks Apartments - Low Income Apartments in Leesburg, FL Home Add a Listing About Navigation Home Add a Listing About Quick Search: Select a State Alabama Alaska Arizona Arkansas California Colorado Connecticut Delaware District of Columbia Florida Georgia Hawaii Idaho Illinois Indiana Iowa Kansas Kentucky Louisiana Maine Maryland Massachusetts Michigan Minnesota Mississippi Missouri Montana Nebraska Nevada New Hampshire New Jersey New Mexico New York North Carolina North Dakota Ohio Oklahoma Oregon Pennsylvania Rhode Island South Carolina South Dakota Tennessee Texas Utah Vermont Virginia Washington West Virginia Wisconsin Wyoming Search Find An Apartment Turtle Oaks Apartments Leesbu | s 2311 Griffin Rd Leesburg, FL - 34748 352.787.1990 See ALL Leesburg Low Income Housing Apartments ALL LEESBURG Listings Turtle Oaks Apartments is a HUD Apartment. HUD residents usually pay 30% of their gross income for rent. The rent amount, less approved HUD deductions such as medical and child care expenses, and other allowances, includes a utility allowance. HUD Residents also may choose to pay what is known as flat rent. The HACC w | ffin Rd Leesburg, FL - 34748 352.787.1990 See ALL Leesburg Low Income Housing Apartments ALL LEESBURG Listings Turtle Oaks Apartments is a HUD Apartment. HUD residents usually pay 30% of their gross income for rent. The rent amount, less approved HUD deductions such as medical and child care expenses, and other allowances, includes a utility allowance. HUD Residents also may choose to pay what is known as flat rent. The HACC works with | ross income for rent. The rent amount, less approved HUD deductions such as medical and child care expenses, and other allowances, includes a utility allowance. HUD Residents also may choose to pay what is known as flat rent. The HACC works with applicants to determine which rent arrangement is best for them. Median apartment rental rate in this zip code: $911 Population in zip code: 39,977 Media age of those living in this zip code: 59 | deductions such as medical and child care expenses, and other allowances, includes a utility allowance. HUD Residents also may choose to pay what is known as flat rent. The HACC works with applicants to determine which rent arrangement is best for them. Median apartment rental rate in this zip code: $911 Population in zip code: 39,977 Media age of those living in this zip code: 59.6 Media household income of those living in this zip co | ments is a Family low income housing apartment subsidized by the federal governments HUD (Housing and Urban Development Division). Contact Turtle Oaks Apartments for complete details on the current vacancies and housing applications. Tips Before Applying for Low Income Housing 1. Research all of the different low-income housing programs available in your area. There are a variety of federal, state, and local programs that offer low-inco | the different low-income housing programs available in your area. There are a variety of federal, state, and local programs that offer low-income housing assistance. Each program has its own eligibility requirements and application process, so it is important to do your research to find the program that is right for you. 2. Get all of your documentation in order: When you apply for low income housing, you will need to provide documentat | household composition. This documentation may include tax returns, pay stubs, bank statements, and birth certificates. 3. Be careful and accurate on all information provided: Any false or misleading information on your application will most likely result in your disqualification. 4. Waiting Lists: The waiting lists for most, if not all low-income housing programs is long. Do not limit yourself to only apply to one apartment location. Q | me housing apartment subsidized by the federal governments HUD (Housing and Urban Development Division). Contact Turtle Oaks Apartments for complete details on the current vacancies and housing applications. Tips Before Applying for Low Income Housing 1. Research all of the different low-income housing programs available in your area. There are a variety of federal, state, and local programs that offer low-income housing assistance. Eac | s, pay stubs, bank statements, and birth certificates. 3. Be careful and accurate on all information provided: Any false or misleading information on your application will most likely result in your disqualification. 4. Waiting Lists: The waiting lists for most, if not all low-income housing programs is long. Do not limit yourself to only apply to one apartment location. Qualifications: Do you qualify to live here? To qualify for low in | statements, and birth certificates. 3. Be careful and accurate on all information provided: Any false or misleading information on your application will most likely result in your disqualification. 4. Waiting Lists: The waiting lists for most, if not all low-income housing programs is long. Do not limit yourself to only apply to one apartment location. Qualifications: Do you qualify to live here? To qualify for low income housing in Flo | Help PublicHousing.com users find out answers. We publish all Helpful information. If you know the apartment costs, let us know. Answer Are these apartments low income, sliding scale income based? Answer Do you know any waiting list details? Let us know.. Answer Friday, March 3, 2023 User Response: I been on the list for about two years now and because I donâ€™t have kids they seem to keep skipping over me, so hey, try, your luck. Are t | ome requirements: Your household income must be below 80% of the area median income (AMI). The AMI is updated annually by the Department of Housing and Urban Development (HUD) and varies by county. You must have a valid Social Security number or Individual Taxpayer Identification Number (ITIN). You must be a U.S. citizen or a legal immigrant. In addition to the income requirements, you may also need to meet other eligibility requirement | tion in order: When you apply for low income housing, you will need to provide documentation of your income, assets, and household composition. This documentation may include tax returns, pay stubs, bank statements, and birth certificates. 3. Be careful and accurate on all information provided: Any false or misleading information on your application will most likely result in your disqualification. 4. Waiting Lists: The waiting lists fo | section 8, public housing, hud, income based",12,0.0
Rosemont Manor,Unknown,3726 Kurt Street,Eustis,Lake County,FL,,(352) 357-0624,hjones@eustishousingauthority.com,https://affordablehousingonline.com/housing-search/Florida/Eustis/Rosemont-Manor-Apartments/6356,private/corporate owners or nonprofits,,,https://rdmfhrentals.sc.egov.usda.gov/RDMFHRentals/projectservlet?cnty=069&st=12; https://affordablehousingonline.com/housing-search/Florida/Eustis/Rosemont-Manor-Apartments/6356; https://eustischamber.org/AboutEustis/housing.asp; https://affordablehousinghub.org/housing/florida/lake-county/eustis/rosemont-manor-4684-lihtc; https://www.lowincomehousing.us/FL/eustis.html,HUD/USDA/FHFC,"2 Beds, 2 bedroom",47,senior,Unknown,max LIHTC rent,$1558; $1638; $1857; $2362; $2849,Published amounts appear to be maximum restricted LIHTC rents; confirm actual tenant rent with property.,NOT FOUND,NOT FOUND,NOT FOUND / NEEDS CALL,NOT FOUND / NEEDS CALL,NOT FOUND / NEEDS CALL,Published pet-related language found; property verification recommended.,NOT FOUND / NEEDS CALL,Published credit-related language found; property verification recommended.,NOT FOUND / NEEDS CALL,NOT FOUND / NEEDS CALL,NOT FOUND / NEEDS CALL,NOT FOUND / NEEDS CALL,call office,,closed,no_vacancy,"June 19, 2026",0,Source states the waitlist is closed or no units are available.,True,Rosemont Manor | Eustis,94,
